,name,email,email_status,company,phone
0,Eric S. Keyes,erics.keyes@cocacolabottling.com,verified,Coca Cola Bottling,8985714357
1,Julia Louis-Dreyfus,julialouis-dreyfus@theirishaviationauthority.com,verified,The Irish Aviation Authority,7733656301
2,Lynna Blankenship,lynnablankenship@randox.com,verified,Randox,6983072388
3,Nikki Isordia,nikkiisordia@abilitywest.com,verified,Ability West,6843913130
4,Louise Jaffe,louisejaffe@synopsys.com,verified,Synopsys,6598424103
5,Matt Groening,mattgroening@cws-boco.com,verified,CWS-boco,9722971195
6,Michael G. Mahan,michaelg.mahan@d'amicodry.com,verified,D'Amico Dry,8657533324
7,Darrel Bowen,darrelbowen@imtechsuirengineering.com,verified,Imtech Suir Engineering,6859384382
8,Jennie Hoffer,jenniehoffer@emnd.com,verified,EMND,9955259660
9,Jason Bikowski,jasonbikowski@designergroup.com,verified,Designer Group,8717963769
10,Walter Gonzalez,waltergonzalez@knnetworkservices.com,verified,KN Network Services,9692999153
11,Alfred Cruz,alfredcruz@essoireland.com,verified,Esso Ireland,7789121848
12,Daniel Chun,danielchun@punchindustries.com,verified,Punch Industries,9622048381
13,Fill Marc Sagadraca,fillmarcsagadraca@premiumtobacco.com,verified,Premium Tobacco,9063088102
14,Dexter Reed,dexterreed@food-bridge.com,verified,Food-Bridge,9713682031
15,Nikki Isordia,nikkiisordia@tri-supply.com,verified,Tri-Supply,8996768954
16,Adam Kuhlman,adamkuhlman@carillionirishenco.com,verified,Carillion Irishenco,6829049491
17,Charles McCaskill,charlesmccaskill@norbertdentressangle.com,verified,Norbert Dentressangle,9855526710
18,John Liu,johnliu@tmcdairies.com,verified,Tmc Dairies,7867937654
19,Michael Nobori,michaelnobori@tkmaxx.com,verified,TK Maxx,9489499634
20,Karl Wiedergott,,verified,Mindshare,7348758504
21,Larry Field,,verified,Sse Generation Ireland,7082490695
22,Laurie Wetzler,,verified,UTC,7851050986
23,Orlando Baeza,,verified,Clarity Computer (Distribution),7260596523
24,Elizabeth Ableson,,verified,Covidien,7291159895
25,Charles McCaskill,,verified,Mercer Ireland,8927318466
26,Valentina Garza,,verified,Laya Healthcare,8494577942
27,Grant Lee,,verified,UTV Media,9734529579
28,Eric Koenig,,verified,Hilton Foods,8556468736
29,Debbie Peterson,,verified,J.A. Boland & Sons,9887288208
30,Tom Boyd,tomboyd@calor.com,verified,Calor,6577177193
31,James L. Brooks,jamesl.brooks@inverenergy.com,verified,Inver Energy,9521974055
32,Steven L. Smith,stevenl.smith@sapbusinessobjects.com,verified,SAP Business Objects,7873270025
33,Torien Blackwolf,torienblackwolf@nichollfueloils.com,verified,Nicholl Fuel Oils,9533045470
34,Mike Morris,mikemorris@brookstimber&buildingsupplies.com,verified,Brooks Timber & Building Supplies,8610454160
35,Nancy Kruse,nancykruse@hammondlane.com,verified,Hammond Lane,7997088563
36,Gabriel DeFrancesco,gabrieldefrancesco@omdireland.com,verified,OMD Ireland,9466489404
37,Alex Dilts,alexdilts@murphyandgunn.com,verified,Murphy and Gunn,6549527132
38,Beth S. Morris,beths.morris@aldi.com,verified,Aldi,8524849997
39,Tom Madrid Jr.,tommadridjr.@elililly.com,verified,Eli Lilly,7755598631
40,Sandra Lee,sandralee@roche'sfeeds.com,verified,Roche's Feeds,6263630811
41,Lauren Biller,laurenbiller@alcon.com,verified,Alcon,7336632127
42,Scott D. Greenberg,scottd.greenberg@applus+.com,verified,Applus+,6422901464
43,James L. Brooks,jamesl.brooks@mcdonald's.com,verified,McDonald's,9290517187
44,Alex Ruiz,alexruiz@ari.com,verified,ARI,7459543657
45,Brad Ableson,bradableson@westinhotel.com,verified,Westin Hotel,8932784550
46,Michael Polcino,michaelpolcino@fanevalley.com,verified,Fane Valley,8275069343
47,Emily Blunt,emilyblunt@irishcontinental.com,verified,Irish Continental,6762194902
48,Kent Rice,kentrice@creganna-tactxmedical.com,verified,Creganna-Tactx Medical,8281674554
49,Michael Miller,michaelmiller@landmarkmediainvestments.com,verified,Landmark Media Investments,9585378542
50,Richard Gasparian,richardgasparian@martinbrowermetroplex.com,verified,Martin Brower Metroplex,9170528083
51,Michael D. Mitchell,michaeld.mitchell@blarneywoollenmills.com,verified,Blarney Woollen Mills,6601662136
52,Martin Alvarez,martinalvarez@carillionirishenco.com,verified,Carillion Irishenco,7421540009
53,Robert Nichols II,robertnicholsii@communicorp.com,verified,Communicorp,7510965525
54,Fall Out Boy,falloutboy@atriamcapital.com,verified,ATRiam Capital,7516381100
55,Leasa Epps-Eisele,leasaepps-eisele@intelireland.com,verified,Intel Ireland,6970130744
56,Brice Mallier,bricemallier@servier(ireland).com,verified,Servier (Ireland),9189168118
57,Emily Blunt,emilyblunt@foylefoodgroup.com,verified,Foyle Food Group,7479282962
58,Max Pross,maxpross@staycity.com,verified,Staycity,6852990173
59,Michael Ludy,michaelludy@moduslink.com,verified,Moduslink,8933778807
60,Chance Raspberry,chanceraspberry@pennengineering.com,verified,Penn Engineering,6570607250
61,Mike B. Anderson,mikeb.anderson@abbey.com,verified,Abbey,7685047920
62,Sandra Lee,sandralee@eps.com,verified,EPS,6408889829
63,Myung Nam Chang,myungnamchang@theshelbournehotel.com,verified,The Shelbourne Hotel,8604299093
64,Don Payne,donpayne@kirbygroup.com,verified,Kirby Group,6542673767
65,Joe Mantegna,joemantegna@fournierlaboratoriesireland.com,verified,Fournier Laboratories Ireland,9244860976
66,Scott Alberts,scottalberts@mazars.com,verified,Mazars,9732324063
67,Fill Marc Sagadraca,fillmarcsagadraca@penneys.com,verified,Penneys,6311770880
68,Stephen Reis,stephenreis@bcdengineering.com,verified,BCD Engineering,9651229675
69,John Krause,johnkrause@febvrewines.com,verified,Febvre Wines,9152219883
70,Liz Climo,lizclimo@iconplc.com,verified,Icon Plc,8815464247
71,Jay Robinson,jayrobinson@dealz.com,verified,Dealz,8641486106
72,Joe Saunders,joesaunders@sodexo.com,verified,Sodexo,8721373082
73,Matthew Schofield,matthewschofield@sigma-aldrich.com,verified,Sigma-Aldrich,9026434701
74,Jake Flores,jakeflores@tesco.com,verified,Tesco,7989485511
75,Ira Sherak,irasherak@medtronic.com,verified,Medtronic,8999844159
76,Joe Goyette,joegoyette@crokeparkstadium.com,verified,Croke Park Stadium,8590478376
77,Mike Scully,mikescully@rexxamelectronics.com,verified,Rexxam Electronics,9717883729
78,John Mathot,,verified,Saica Pack,9446743923
79,Ernie Elicanal,,verified,IITC,6392769604
80,Josh Taback,,verified,Ranbaxy,8332613753
81,John Pattison,,verified,Coffey Construction Ireland,6875860690
82,Jake Flores,,verified,Guidewire Software,6794582723
83,Marcia Wallace,,verified,C&M Vetlink,7210890506
84,Stephenie Moffatt,,verified,Dragon Oil,6729923916
85,Marcia Wallace,,verified,Largo Foods,9421742381
86,Martin Archer,,verified,Chanelle Provet,7418708102
87,Karen Carnegie Johnson,,verified,Soni,9127146675
88,Ryan Cheetham,,verified,SouthWestern,9565290223
89,Jennifer Moeller,,verified,GE Healthcare,6824959320
90,Yelena Geodakyan,yelenageodakyan@option.com,verified,Option,6298868397
91,Amanda Byrnes,amandabyrnes@elverys.com,verified,Elverys,6349224795
92,Markéta Irglová,markétairglová@amgen.com,verified,Amgen,7907694928
93,Larry Field,larryfield@clearstreamtechnologies.com,verified,Clearstream Technologies,9268117731
94,John Achenbach,johnachenbach@acracontrol.com,verified,Acra Control,7973882794
95,Sam Ho,samho@esb.com,verified,ESB,8666587105
96,Julia Fitzmaurice,juliafitzmaurice@seagatetechnology.com,verified,Seagate Technology,9842291972
97,Ronny Cox,ronnycox@taxbackgroup.com,verified,Taxback Group,7570605603
98,Sam Im,samim@bcdengineering.com,verified,BCD Engineering,9418352779
99,Richard Sakai,richardsakai@csginternational.com,verified,CSG International,7701357661
100,Laurie Wetzler,lauriewetzler@paddypower.com,verified,Paddy Power,7338090310
101,Jeanne Erickson,jeanneerickson@ranbaxy.com,verified,Ranbaxy,7633594043
102,Bill Odenkirk,billodenkirk@cmsperipherals.com,verified,CMS Peripherals,6478209252
103,Shohreh Aghdashloo,shohrehaghdashloo@beaconhospital.com,verified,Beacon Hospital,6287276859
104,Esther H. Lee,estherh.lee@hermitageclinic.com,verified,Hermitage Clinic,6787292324
105,Desiree E. Craig,desireee.craig@mcafeeireland.com,verified,McAfee Ireland,9683598244
106,Don Barrozo,donbarrozo@p.j.carroll(batireland).com,verified,P.J.Carroll (BAT Ireland),8082326435
107,Daniel Chiu,danielchiu@europeanrugbycup.com,verified,European Rugby Cup,7950282712
108,Carlton Batten,carltonbatten@nicholloils.com,verified,Nicholl Oils,7412969865
109,Shane Sowell,shanesowell@kerrygroup.com,verified,Kerry Group,6957868509
110,Eric Dunn,ericdunn@crystalholidays.com,verified,Crystal Holidays,9689671639
111,Travis Powers,travispowers@theirishaviationauthority.com,verified,The Irish Aviation Authority,7201485253
112,James Anthony Marquez,jamesanthonymarquez@nolantransport.com,verified,Nolan Transport,8264885378
113,J. Stewart Burns,j.stewartburns@mondelezireland.com,verified,Mondelez Ireland,9570817981
114,Ben Lane,benlane@foyledonegal.com,verified,Foyle Donegal,6340271225
115,Rob LaZebnik,roblazebnik@reoxholdings.com,verified,Reox Holdings,8916298664
116,Adam Klein,adamklein@boehringeringelheim.com,verified,Boehringer Ingelheim,7937101961
117,Mike B. Anderson,mikeb.anderson@commidareholdings.com,verified,Commidare Holdings,9208197152
118,John Mathot,johnmathot@dublinbus.com,verified,Dublin Bus,8056442414
119,Jodie Foster,jodiefoster@swordslaboratories.com,verified,Swords Laboratories,9646392190
120,Scott D. Greenberg,scottd.greenberg@ikea.com,verified,Ikea,7167880131
121,Eric S. Keyes,erics.keyes@elementsixlimited.com,verified,Element Six Limited,7168364735
122,Ernie Elicanal,ernieelicanal@wexfordcreamery.com,verified,Wexford Creamery,8835111267
123,Herman Sharaf,hermansharaf@mazars.com,verified,Mazars,6500609146
124,Denis Leary,denisleary@iss.com,verified,ISS,8539436881
125,Debbie Peterson,debbiepeterson@theshelbournehotel.com,verified,The Shelbourne Hotel,7414491974
126,David Silverman,davidsilverman@eurogeneralretail.com,verified,Euro General Retail,6440529818
127,Heejin Kim,heejinkim@nature'sbestltd.com,verified,Nature's Best Ltd,7077058246
128,Alexander Duke,alexanderduke@aolglobaloperations.com,verified,AOL Global Operations,9291071906
129,Tress MacNeille,tressmacneille@kentstainless.com,verified,Kent Stainless,6592509972
130,Erick T. Tran,erickt.tran@dawnmeats.com,verified,Dawn Meats,8997844964
131,Jeanne Erickson,jeanneerickson@ardaghglasssales.com,verified,Ardagh Glass Sales,9014065626
132,Jarod Daetwiler,jaroddaetwiler@tri-supply.com,verified,Tri-Supply,7775743666
133,Bill Higley,billhigley@admireland.com,verified,ADM Ireland,8119191852
134,Caroline Cruikshank,carolinecruikshank@iontrading.com,verified,Ion Trading,9462447296
135,Ron Hauge,ronhauge@maximintegratedproducts.com,verified,Maxim Integrated Products,7891032261
136,Ben Lane,benlane@cartongroup.com,verified,Carton Group,7366962863
137,Ian Maxtone-Graham,ianmaxtone-graham@northernirelandwater.com,verified,Northern Ireland Water,9706375602
138,Jennifer Dolce,jenniferdolce@bocgases.com,verified,Boc Gases,7838952905
139,Nancy Kruse,nancykruse@redhat.com,verified,Red Hat,9954654380
140,Carolyn Omine,carolynomine@clearwayholdings.com,verified,CLEARWAY HOLDINGS,8474295324
141,Oscar Pangestu,oscarpangestu@tri-supply.com,verified,Tri-Supply,6530658277
142,Robyn Anderson,robynanderson@musgrave.com,verified,Musgrave,9535383531
143,Charles McCaskill,charlesmccaskill@a.w.ennis.com,verified,A.W. Ennis,7144466685
144,Greg Checketts,gregchecketts@primebrands.com,verified,Prime Brands,9712567021
145,Timothy Bailey,timothybailey@clubtravel.com,verified,Club Travel,9736452939
146,Edwin E. Aguilar,edwine.aguilar@novartisringaskiddy.com,verified,Novartis Ringaskiddy,6786751951
147,Trevor C. Johnson,trevorc.johnson@tipperaryco-op.com,verified,Tipperary Co-Op,6830153944
148,Ashley Brooke Cooper,ashleybrookecooper@servier(ireland).com,verified,Servier (Ireland),7462440208
149,Steven L. Smith,stevenl.smith@peninsulapetroleum.com,verified,Peninsula Petroleum,6285128084
150,Cameron Porter,cameronporter@ikea.com,verified,Ikea,9857703977
151,Jabu Henderson,jabuhenderson@johnpaulconstruction.com,verified,John Paul Construction,6684325455
152,Jack Dyer,jackdyer@applegreen.com,verified,Applegreen,8334283075
153,Pamela Hayden,pamelahayden@williamgrant&sons.com,verified,William Grant & Sons,8530134473
154,Tom Mazzocco,tommazzocco@crewlink.com,verified,Crewlink,9633407498
155,Jeff Topping,,verified,Oliver Carty,7857401102
156,Young Yoo,,verified,Ove Arup & Partners,8473128456
157,Ernie Keen,,verified,Extreme Networks,8135693285
158,Ryan Cheetham,,verified,Paypal,6457155693
159,Istvan Majoros,,verified,Element Six Limited,8301890992
160,Alex Que,,verified,Cheshire Ireland,9971942455
161,Mindi Lee,,verified,Altera,6516302709
162,Martin Alvarez,,verified,Cheshire Ireland,7592879533
163,Rosanna Lyons,,verified,Gem Plastics,6366707222
164,Jonathan Gebhart,,verified,Torski Limited,8410509998
165,Ed Ghertner,,verified,Punch Industries,8992719728
166,John Berman,,verified,NTR,6947821715
167,Mike Reiss,,verified,Alcatel-Lucent,7871496184
168,Dante Fabiero,,verified,Abbey,8507890335
169,Matthew Faughnan,,verified,Northgate Managed Services,8409672753
170,Rob LaZebnik,,verified,Oriflame,7621128191
171,Will Shortz,,verified,Fónua,7877803461
172,Deanna Asato,,verified,Amgen,6671563443
173,Kent Rice,,verified,Hasbro Ireland,8316332882
174,Marv Albert,,verified,Masonite Ireland,7702394433
175,Orlando Distor,,verified,Merrion Fleet Management,9145169669
176,Tricia Benson,,verified,Ion Trading,9363058713
177,Natasha Wicke,,verified,Linkedin,8429495666
178,Casey E. Coffey,,verified,St Vincent's Healthcare,9475191483
179,Liz Climo,,verified,Aes Ballylumford,7771517268
180,Mark Cuban,,verified,Websense,8217920641
181,Steve Pilapil,,verified,Carat Ireland,6301878077
182,Robert Brunette,,verified,Amazon Data Services,8981116032
183,Colm Meaney,,verified,Lake Region Medical,9925380789
184,Dexter Reed,,verified,Touax Rail,8271998850
185,Debbie Mahan,,verified,St Vincent's Healthcare,6830886054
186,Yeardley Smith,,verified,L Lynch,9266184020
187,Tuan Nguyen,,verified,Wexford Creamery,9159176333
188,Scott D. Greenberg,,verified,Brothers of Charity,9822743761
189,Michael Ludy,,verified,Aldi,7903999037
190,Mark Kirkland,,verified,Boyne Valley,9653322673
191,Shohreh Aghdashloo,,verified,Suretank,7130759744
192,Mike Reiss,,verified,Pat O'Donnell,9766580864
193,Robert Brunette,,verified,Lloyds Pharmacy,7278050327
194,Ian Chen,,verified,Timac Agro,7159229970
195,Hank Azaria,hankazaria@molex.com,verified,Molex,9690456942
196,Robert Nichols II,robertnicholsii@tkmaxx.com,verified,TK Maxx,6922480017
197,Billy Kimball,billykimball@teradata.com,verified,Teradata,7471605365
198,Orlando Baeza,orlandobaeza@enginesupportholdings.com,verified,Engine Support Holdings,6829320984
199,Emily Blunt,emilyblunt@translink.com,verified,Translink,8399855571
200,Marv Albert,marvalbert@foyledonegal.com,verified,Foyle Donegal,8230000131
201,Leasa Epps-Eisele,leasaepps-eisele@callanbacon.com,verified,Callan Bacon,8966992325
202,Matthew Schofield,matthewschofield@bestseller.com,verified,Bestseller,7500131431
203,Ron Hauge,ronhauge@mcafeeireland.com,verified,McAfee Ireland,6619510711
204,Casey E. Coffey,caseye.coffey@salinihydro.com,verified,Salini Hydro,8264723913
205,Taylor Allen,taylorallen@ptcsoftware.com,verified,Ptc software,6364397863
206,Ron Hauge,ronhauge@apc.com,verified,APC,8276247195
207,T.J. Kim,t.j.kim@novartisireland.com,verified,Novartis Ireland,9569500581
208,Sergio Guerra,sergioguerra@guidewiresoftware.com,verified,Guidewire Software,9714730532
209,Al Holter,alholter@corriboil.com,verified,Corrib Oil,7762935655
210,Valentina Garza,valentinagarza@cartongroup.com,verified,Carton Group,9740366471
211,Sooan Kim,sooankim@sammoncontracting.com,verified,Sammon Contracting,6890896337
212,Victor E. Almaguer,victore.almaguer@lisavairdco-opcreameries.com,verified,Lisavaird Co-op Creameries,6739115921
213,Russi Taylor,russitaylor@nationallottery.com,verified,National Lottery,9979700400
214,Adam Kuhlman,adamkuhlman@ocsas.com,verified,Ocsas,6349961487
215,Yeardley Smith,yeardleysmith@bmw.com,verified,BMW,7275287203
216,Danny Elfman,dannyelfman@intelireland.com,verified,Intel Ireland,8361547166
217,Emily Blunt,emilyblunt@norbertdentressangle.com,verified,Norbert Dentressangle,9074538979
218,Tommy Tejeda,tommytejeda@agnewgroup.com,verified,Agnew Group,8683059239
219,Orlando Baeza,orlandobaeza@williamgrant&sons.com,verified,William Grant & Sons,7376654608
220,Kevin Curran,kevincurran@molex.com,verified,Molex,8123248804
221,Rick Moser,rickmoser@bardshannon.com,verified,Bard Shannon,7909263830
222,Fall Out Boy,falloutboy@greenfieldsireland.com,verified,Greenfields Ireland,8559747012
223,Dan V. Weiss,danv.weiss@touaxrail.com,verified,Touax Rail,8257585291
224,Daniel Chiu,danielchiu@monex.com,verified,Monex,7901961687
225,Heejin Kim,heejinkim@mirrorcontrolsinternational.com,verified,Mirror Controls International,7842111402
226,Josh Taback,joshtaback@fidelityinvestmentsireland.com,verified,Fidelity Investments Ireland,6346202060
227,Jeff Westbrook,jeffwestbrook@ssp.com,verified,SSP,6774600520
228,Matthew Nastuk,matthewnastuk@ewlelectric.com,verified,Ewl Electric,7865125612
229,Richard Gasparian,richardgasparian@eurofarmfoods.com,verified,Euro Farm Foods,7807459095
230,Nancy Kruse,nancykruse@msc(mediterraneanshippingcompany).com,verified,MSC (Mediterranean Shipping Company),8306128915
231,Kent Rice,kentrice@londis.com,verified,Londis,8780911883
232,Michael Price,michaelprice@jacobsengineering.com,verified,Jacobs Engineering,9821879987
233,Mark Kirkland,markkirkland@transitionsoptical.com,verified,Transitions Optical,8398331683
234,Ira Sherak,irasherak@apc.com,verified,APC,9249588627
235,Steven Dean Moore,stevendeanmoore@kepak.com,verified,Kepak,8460909654
236,Cynthia Neill Knizek,cynthianeillknizek@molex.com,verified,Molex,9752871676
237,Mike Pettengill,mikepettengill@fitzwilton.com,verified,Fitzwilton,8270977558
238,Casey E. Coffey,caseye.coffey@microchiptechnology.com,verified,Microchip Technology,8678262017
239,Jeff Topping,jefftopping@bdo.com,verified,BDO,9976557993
240,Drew McPhail,drewmcphail@kingspan.com,verified,Kingspan,8386607279
241,Chuck Sheetz,chucksheetz@kildarechillingco.com,verified,Kildare Chilling Co,8204425344
242,Richard Sakai,richardsakai@freefoamplastics.com,verified,Freefoam Plastics,6728788277
243,Jennie Hoffer,jenniehoffer@valeofoods.com,verified,Valeo Foods,8145566727
244,Ernie Keen,erniekeen@warnerchilcott.com,verified,Warner Chilcott,8690755453
245,Adam Greeley,adamgreeley@mentorgraphics.com,verified,Mentor Graphics,8854906013
246,Kevin M. Newman,kevinm.newman@kilsaranconcrete.com,verified,Kilsaran Concrete,9186693461
247,Gerald Clifford Rey,geraldcliffordrey@bennettconstruction.com,verified,Bennett Construction,8300139634
248,Glen Wuthrich,glenwuthrich@rps.com,verified,RPS,7907820405
249,Mark Kirkland,markkirkland@paypal.com,verified,Paypal,7440058922
250,Ed Begley Jr.,,verified,Dk Donohoe,7224403959
251,Laurie Wetzler,,verified,Kilkenny Group,7515476744
252,James Anthony Marquez,,verified,Ballina Beverages,8850299820
253,Mike Morris,,verified,Euro General Retail,9445105934
254,Brad Ableson,,verified,Homebase,9112229650
255,Robert Ingram,,verified,Aer Lingus,8706270500
256,Cason Swindle,,verified,Kellihers Electrical,8579021532
257,David Silverman,,verified,Danaeve,7795683500
258,Timothy Bailey,,verified,Nationwide Controlled Parking,9094510833
259,Larry Smith,,verified,Ericsson,9754605277
260,Richard K. Chung,,verified,Sam Dennigan,6596603954
261,Scott Brutz,,verified,An Post,9610728751
262,Larry Field,,verified,AOL Global Operations,9022117977
263,Rick Salonga,,verified,Teleflex,7489764582
264,Mike Scully,,verified,Fournier Laboratories Ireland,8880742362
265,Dexter Reed,,verified,Corby Rock,9372367180
266,Jung A. Yoo,,verified,Brown Thomas,6893821957
267,Max Pross,,verified,Kingston,8337899115
268,Manny DeGuzman,,verified,Honeywell Transportation Ireland,9867005092
269,Brice Mallier,,verified,The Shelbourne Hotel,9529473251
270,Nancy Kruse,,verified,M.W. Ireland,8240146940
271,Carolyn Omine,,verified,Oracle,7152475054
272,Eric S. Keyes,,verified,Harcourt Developments,8796350170
273,John Berman,,verified,Ability West,8740197434
274,Sam Im,,verified,Hermitage Clinic,7864353951
275,Amanda Byrnes,,verified,Caulfield Mccarthy Group,6311887405
276,Herman Sharaf,,verified,CMS Peripherals,7004514055
277,Lance Wilder,,verified,William Grant & Sons,9142105726
278,T.J. Kim,,verified,DHL Global Forwarding,6886569651
279,Michael Wolf,,verified,ADM Ireland,9022671443
280,Gabriel DeFrancesco,,verified,PC World,9986458227
281,Don Payne,,verified,Celestica Ireland,8213176879
282,Shohreh Aghdashloo,,verified,Tourism Ireland,8130254216
283,Bradley Winters,,verified,Ballina Beverages,7628793784
284,Josh Taback,,verified,Servier (Ireland),7737529812
285,Angela Wixtrom,,verified,Aes Ballylumford,6645669648
286,Orlando Distor,,verified,Adidas,9907870378
287,Julie Kavner,,verified,Towers Watson,7156384505
288,Joe Zimmerman,,verified,Roll Up (Gardiner Group),8023574992
289,Javier Pineda,,verified,The Barry Group,8899950364
290,Derek Casari,,verified,UDG Healthcare,6812722938
291,Timothy Bailey,,verified,National Instruments,8171377725
292,Bill Odenkirk,,verified,Alltech Ireland,9824717131
293,Glen Hansard,,verified,Ward & Burke Construction,9298604790
294,Yelena Geodakyan,,verified,Vodafone,8030858745
295,Richard Manginsay,,verified,Airspeed Communications,7551224185
296,Oscar Cervantes,,verified,Livisham,7931535994
297,Joel H. Cohen,,verified,Boots,6303781106
298,Gabriel DeFrancesco,,verified,PTC,8305214751
299,Dan Greaney,,verified,Euro General Retail,7306024882
300,Cynthia Neill Knizek,,verified,D'Amico Dry,7504147983
301,Victor E. Almaguer,,verified,Heinz,7786365043
302,Larry Smith,,verified,Baxter,8065119802
303,John Achenbach,,verified,Aer Lingus,7014022628
304,Maurice LaMarche,,verified,Peninsula Petroleum,6283966099
305,Michael Polcino,,verified,Organon (Ireland),6696754587
306,Eli Balser,,verified,Barryroe Co-op,6292105682
307,Pamela Hayden,,verified,Charles R Wynne Foods,9404637042
308,Marc Wilmore,,verified,Asl Aviation,8772721232
309,David Silverman,davidsilverman@sanmina-sci.com,verified,Sanmina-SCI,6983473813
310,Jack Dyer,jackdyer@hertz.com,verified,Hertz,8109785422
311,Dima Malanitchev,dimamalanitchev@bcdengineering.com,verified,BCD Engineering,6291216829
312,Emily Blunt,emilyblunt@mdyconstruction.com,verified,MDY Construction,8122867312
313,Dell Hake,dellhake@dealz.com,verified,Dealz,9692382027
314,Nancy Kruse,nancykruse@adidas.com,verified,Adidas,7108808479
315,Joe Montana,joemontana@unitytechnologysolutions.com,verified,Unity Technology Solutions,7318482603
316,Jeff Westbrook,jeffwestbrook@bio-medicalresearch.com,verified,Bio-Medical Research,7972188509
317,Adam Kuhlman,adamkuhlman@kilkennygroup.com,verified,Kilkenny Group,9575424999
318,Utit Choomuang,utitchoomuang@wincanton.com,verified,Wincanton,6655434398
319,Victor Pesavento,victorpesavento@aurivo.com,verified,Aurivo,7287004828
320,Jennifer Moeller,jennifermoeller@allergan.com,verified,Allergan,7651101470
321,Dominique Braud,dominiquebraud@cahillmayroberts.com,verified,Cahill May Roberts,9766156362
322,Don Payne,donpayne@viridian.com,verified,Viridian,6500774752
323,Michael Price,michaelprice@adidas.com,verified,Adidas,9206424740
324,Tommy Tejeda,tommytejeda@interlink.com,verified,Interlink,9748982046
325,Holly Pitrago,hollypitrago@zeuspackaging.com,verified,Zeus Packaging,8389334842
326,John Frink,johnfrink@oriflame.com,verified,Oriflame,8056898283
327,Chris Ledesma,chrisledesma@morrisoil.com,verified,Morris Oil,7379827391
328,Tuan Nguyen,tuannguyen@murphyandgunn.com,verified,Murphy and Gunn,6644589983
329,Anne Legge,annelegge@starbuckscoffeecompanyireland.com,verified,Starbucks Coffee Company Ireland,9868363801
330,Rick Polizzi,rickpolizzi@charleshurstgroup.com,verified,Charles Hurst Group,7312122496
331,Chris Bolden,chrisbolden@reoxholdings.com,verified,Reox Holdings,7398731164
332,Kevin M. Newman,kevinm.newman@dromolandcastle.com,verified,Dromoland Castle,9688816301
333,Nelson Shin,nelsonshin@drinaghco-op.com,verified,Drinagh Co-op,9839318862
334,Scott Thompson,scottthompson@matrox.com,verified,Matrox,9258259541
335,Shohreh Aghdashloo,shohrehaghdashloo@charlesriver.com,verified,Charles River,6423940308
336,Billy Kimball,billykimball@skyireland.com,verified,Sky Ireland,6819723357
337,William Bemiller,williambemiller@sunway.com,verified,Sunway,6858736523
338,Robert Brunette,robertbrunette@parkdevelopments.com,verified,Park Developments,6461092755
339,Elizabeth Ableson,elizabethableson@dieselcardireland.com,verified,Diesel Card Ireland,7955253893
340,Carolyn Omine,carolynomine@morganfuels.com,verified,Morgan Fuels,7585740929
341,Jim Reardon,jimreardon@resource(ni).com,verified,Resource (NI),7646521644
342,Oscar Pangestu,oscarpangestu@jonesengineering.com,verified,Jones Engineering,8001156241
343,Laurie Wetzler,lauriewetzler@joyce'ssupermarket.com,verified,Joyce's Supermarket,7672831282
344,Michael Polcino,michaelpolcino@connaughtelectronics.com,verified,Connaught Electronics,8498705837
345,Erika Isabel Vega,erikaisabelvega@fujitsuireland.com,verified,Fujitsu Ireland,8445516056
346,Jabu Henderson,jabuhenderson@edwarddillon&co.com,verified,Edward Dillon & Co,8934136877
347,Richard Sakai,richardsakai@covidien.com,verified,Covidien,8651076459
348,Steven L. Smith,stevenl.smith@facebook.com,verified,Facebook,8562000241
349,Shane Sowell,shanesowell@carillionirishenco.com,verified,Carillion Irishenco,6902901863
350,Victor Pesavento,victorpesavento@marlbank.com,verified,Marlbank,9315424023
351,Charles Ragins,charlesragins@intuitionpublishing.com,verified,Intuition Publishing,6732006550
352,Charles McCaskill,charlesmccaskill@timacagro.com,verified,Timac Agro,6952252859
353,T.J. Kim,t.j.kim@carrigaline'sheronholdings.com,verified,Carrigaline's Heron Holdings,8284598177
354,Paul Newman,paulnewman@roche.com,verified,Roche,9254815612
355,James L. Brooks,,verified,Donegal Creameries,8332391773
356,Ray Miceli,,verified,Beacon Hospital,7241995663
357,Alex Que,,verified,Digital River,8519372095
358,Tom Klein,,verified,CG Power Systems,8508322876
359,Brendan Hay,,verified,Dairygold,7942132272
360,Tom Mazzocco,,verified,Nissan,7262758102
361,Darrel Bowen,,verified,Keelings,9071162498
362,Robyn Anderson,,verified,Nature's Best Ltd,8990471381
363,Lejon Douroux,,verified,Kenmare Resources,8446368036
364,Michael G. Mahan,,verified,Grafton Recruitment,8111317510
365,Mike Battle,,verified,Fleetmatics Group,6945421987
366,Robert Ingram,,verified,J.A. Boland & Sons,8852479790
367,Anna Pagan,,verified,Nicholl Fuel Oils,8539993514
368,James L. Brooks,,verified,Musgrave Group,7895260026
369,Chris Ledesma,,verified,Sanofi,6750107916
370,Scott D. Greenberg,,verified,Campbell Bewley,7448099995
371,Carolyn Omine,,verified,Portwest,8448844889
372,Marv Albert,,verified,Commscope,6862208567
373,Edwin E. Aguilar,,verified,Stafford Lynch,7125051086
374,Tress MacNeille,,verified,Glennon Brothers,9128766243
375,Mark Behar,markbehar@mohaneggholdings.com,verified,Mohan Egg Holdings,9332406527
376,Dima Malanitchev,dimamalanitchev@kirchhoffireland.com,verified,Kirchhoff Ireland,7937260130
377,Trevor C. Johnson,trevorc.johnson@nelvanainternational.com,verified,Nelvana International,6715663164
378,Marcia Wallace,marciawallace@facebook.com,verified,Facebook,8919471045
379,Denise Sirkot,denisesirkot@covidien.com,verified,Covidien,9613022852
380,Bill Odenkirk,billodenkirk@airproductsireland.com,verified,Air Products Ireland,9759542370
381,Melody Severns,melodyseverns@stratustechnologies.com,verified,Stratus Technologies,9161597608
382,John Pattison,johnpattison@irishstockexchange.com,verified,Irish Stock Exchange,9611422907
383,Harry Shearer,harryshearer@donnellygroup.com,verified,Donnelly Group,9417808764
384,John Frink,johnfrink@globoforce.com,verified,Globoforce,9304940997
385,Orlando Distor,orlandodistor@sanofi.com,verified,Sanofi,9039559849
386,Eddie Rosas,eddierosas@volkswagenireland.com,verified,Volkswagen Ireland,6899126452
387,Young Yoo,youngyoo@kel-techengineering.com,verified,Kel-Tech Engineering,8541559420
388,Matthew Nastuk,matthewnastuk@scottishpowerrenewables.com,verified,Scottish Power Renewables,9594162037
389,Lynna Blankenship,lynnablankenship@lsistorage.com,verified,LSI Storage,9176045293
390,Norm MacLeod,normmacleod@misyssophis.com,verified,Misys Sophis,7945896141
391,Jon L. Hooper,jonl.hooper@pato'donnell.com,verified,Pat O'Donnell,7218780977
392,Kelsey Grammer,kelseygrammer@windsormotors.com,verified,Windsor Motors,9181387038
393,Jodie Foster,jodiefoster@fanevalley.com,verified,Fane Valley,6324455404
394,Elizabeth Ableson,elizabethableson@afilias.com,verified,Afilias,9287142626
395,Julie Kavner,juliekavner@drinaghco-op.com,verified,Drinagh Co-op,7225069298
396,Nancy Cartwright,nancycartwright@pandawaste.com,verified,Panda Waste,9924383270
397,Brad Ableson,bradableson@stobartair.com,verified,Stobart Air,7411278248
398,Mark Cuban,markcuban@tourismireland.com,verified,Tourism Ireland,6670769900
399,Matthew Faughnan,matthewfaughnan@dairyproducepackers.com,verified,Dairy Produce Packers,8728780762
400,Pamela Hayden,pamelahayden@swordslaboratories.com,verified,Swords Laboratories,7591638555
401,Joe Montana,joemontana@food-bridge.com,verified,Food-Bridge,7925891479
402,Orlando Distor,orlandodistor@astellas.com,verified,Astellas,6849689728
403,Anne Hathaway,annehathaway@ebay.com,verified,eBay,7480103727
404,Davy Lauterbach,davylauterbach@eccleasingcompany.com,verified,Ecc Leasing Company,7186976395
405,Elan Trinidad,elantrinidad@utvmedia.com,verified,UTV Media,6389373031
406,Sam Im,samim@bmd&co.com,verified,BMD & Co,8047579626
407,Grant Lee,grantlee@lisheen.com,verified,Lisheen,6808036328
408,Martin Alvarez,martinalvarez@totalproduce.com,verified,Total Produce,7208038541
409,Trevor C. Johnson,trevorc.johnson@stratustechnologies.com,verified,Stratus Technologies,9029252525
410,Maeve McGrath,maevemcgrath@johnpaulconstruction.com,verified,John Paul Construction,6653501630
411,Ernie Keen,erniekeen@bdo.com,verified,BDO,8619069000
412,Patrick Buchanan,patrickbuchanan@dhlsupplychain.com,verified,DHL Supply Chain,6356179121
413,Anne Hathaway,annehathaway@alliedfoods.com,verified,Allied Foods,7463107905
414,Joe Mantegna,joemantegna@dunbia.com,verified,Dunbia,7228637254
415,Ronny Cox,ronnycox@arrabawn.com,verified,Arrabawn,7055510616
416,Mike Pettengill,mikepettengill@monaghanveterinarylaboratory.com,verified,Monaghan Veterinary Laboratory,8909958956
417,Alex Dilts,alexdilts@allergan.com,verified,Allergan,8223459841
418,Will Anderson,willanderson@renaultireland.com,verified,Renault Ireland,8525997309
419,Javier Pineda,javierpineda@centenarythurlesco-opsociety.com,verified,Centenary Thurles Co-op Society,8029889502
420,Kelsey Grammer,kelseygrammer@gecasservices.com,verified,Gecas Services,9108817164
421,Trevor C. Johnson,trevorc.johnson@anpost.com,verified,An Post,6457903707
422,Desiree E. Craig,desireee.craig@geodisireland.com,verified,Geodis Ireland,9469228395
423,Jennifer Dolce,jenniferdolce@zamano.com,verified,Zamano,8207005007
424,Scott Brutz,scottbrutz@stvincent'shealthcare.com,verified,St Vincent's Healthcare,7313145736
425,Julia Louis-Dreyfus,julialouis-dreyfus@pallas.com,verified,Pallas,7363188622
426,Eric Koenig,erickoenig@reoxholdings.com,verified,Reox Holdings,8983544296
427,Cameron Porter,cameronporter@esb.com,verified,ESB,6990940671
428,Julia Louis-Dreyfus,julialouis-dreyfus@aurivo.com,verified,Aurivo,9708337329
429,Rebecca Totman,rebeccatotman@williamgrant&sons.com,verified,William Grant & Sons,7321326120
430,Nancy Kruse,nancykruse@mcafeeireland.com,verified,McAfee Ireland,6439816175
431,Tricia Benson,triciabenson@ladbrokes.com,verified,Ladbrokes,6271076605
432,Cynthia Neill Knizek,cynthianeillknizek@imro.com,verified,IMRO,9479766846
433,Lucas Gray,lucasgray@monstercable.com,verified,Monster Cable,7302683496
434,Peter Gomez,petergomez@viridian.com,verified,Viridian,6688312624
435,Paul Newman,,verified,Extreme Networks,7394612975
436,Eric Lara,,verified,Nolan Transport,9328089208
437,Ed Begley Jr.,,verified,Boyne Valley,8241787361
438,Grant Lee,,verified,Cappagh National Orthopaedic Hospital,7802609607
439,Dean Scammahorn,,verified,Imagine Communications,7007514177
440,Josh Taback,,verified,Bon Secours,7496662527
441,Alan Decker,,verified,Bombardier Aerospace,8225567827
442,N. Vyolet Diaz,,verified,Armalou,9825112442
443,Richard Manginsay,,verified,Arrow Group,7923485557
444,Lisa S. Cervantes,,verified,Acra Control,9472490276
445,Michael Polcino,michaelpolcino@servier(ireland).com,verified,Servier (Ireland),9748282366
446,Stephanie Gillis,stephaniegillis@alpselectric.com,verified,Alps Electric,8850321189
447,Tom Mazzocco,tommazzocco@matheson.com,verified,Matheson,7968336159
448,Scott Alberts,scottalberts@williamfry.com,verified,William Fry,9837058396
449,Elan Trinidad,elantrinidad@nielsen.com,verified,Nielsen,8536344676
450,Scott Clausen,scottclausen@airproductsireland.com,verified,Air Products Ireland,7250629301
451,Cynthia Neill Knizek,cynthianeillknizek@salamandoverseas.com,verified,Salamand Overseas,7573058873
452,Dominique Braud,dominiquebraud@cevalogistics.com,verified,Ceva Logistics,8133462095
453,Larry Smith,larrysmith@bocgases.com,verified,Boc Gases,6515998131
454,Lucas Gray,lucasgray@clonmelenterprises.com,verified,Clonmel Enterprises,7590798939
455,Pamela Hayden,pamelahayden@transasmarine.com,verified,Transas Marine,6538282656
456,Tim Lauber,timlauber@cappaghnationalorthopaedichospital.com,verified,Cappagh National Orthopaedic Hospital,8961402491
457,Rob LaZebnik,roblazebnik@transdev.com,verified,Transdev,7056490907
458,Orlando Distor,orlandodistor@allergan.com,verified,Allergan,8582138533
459,Steven L. Smith,stevenl.smith@resourcegroup.com,verified,Resource Group,6832048176
460,Beth S. Morris,beths.morris@doylehotels.com,verified,Doyle Hotels,6816999526
461,Matt Marshall,mattmarshall@symantec.com,verified,Symantec,7823656910
462,Brooks Stonestreet,brooksstonestreet@liffeymeats.com,verified,Liffey Meats,9911006024
463,James L. Brooks,jamesl.brooks@sanmina-sci.com,verified,Sanmina-SCI,8444040583
464,Jefferson R. Weekley,jeffersonr.weekley@facebook.com,verified,Facebook,9960641809
465,Mike Reiss,mikereiss@valeovision.com,verified,Valeo Vision,9927157540
466,Mark Cuban,markcuban@cpl.com,verified,CPL,7868642776
467,Hank Azaria,hankazaria@creativelabs.com,verified,Creative Labs,9274721349
468,Robert Forster,robertforster@martinbrowermetroplex.com,verified,Martin Brower Metroplex,8457086675
469,Beth S. Morris,beths.morris@c&mvetlink.com,verified,C&M Vetlink,8344804870
470,Denise Donatelli,denisedonatelli@procter&gamble.com,verified,Procter & Gamble,6282169206
471,Karen Bauer,karenbauer@bmc.com,verified,BMC,7581017092
472,Davy Lauterbach,davylauterbach@kfcireland.com,verified,KFC Ireland,9443884968
473,Andrea Schell,andreaschell@tlt.com,verified,TLT,7416035822
474,Charles McCaskill,charlesmccaskill@grennans.com,verified,Grennans,6664782052
475,Matt Warburton,mattwarburton@kingston.com,verified,Kingston,6533943421
476,Alan Decker,alandecker@gecasservices.com,verified,Gecas Services,8319172713
477,J. Stewart Burns,j.stewartburns@glendimplex.com,verified,Glen Dimplex,8882694949
478,Alf Clausen,alfclausen@dunbia.com,verified,Dunbia,9131791059
479,Ed Ghertner,edghertner@dts.com,verified,DTS,6958347717
480,Julia Fitzmaurice,juliafitzmaurice@templestreethospital.com,verified,Temple Street Hospital,8024611054
481,Davy Lauterbach,davylauterbach@dairyproducepackers.com,verified,Dairy Produce Packers,8238994867
482,Greg Checketts,gregchecketts@utvmedia.com,verified,UTV Media,7583321867
483,Norman P. Auble,normanp.auble@dilloneustace.com,verified,Dillon Eustace,9600538513
484,Bradley Winters,bradleywinters@ucb.com,verified,UCB,6288502394
485,Julia Fitzmaurice,juliafitzmaurice@siteserv.com,verified,Siteserv,9918276467
486,John Frink,johnfrink@mentorgraphics.com,verified,Mentor Graphics,8329449224
487,Colm Meaney,colmmeaney@salamandoverseas.com,verified,Salamand Overseas,7601419278
488,Bill Odenkirk,billodenkirk@sulzerpumpsolutionsireland.com,verified,Sulzer Pump Solutions Ireland,8646579276
489,Jess Espanola,jessespanola@kildarechillingco.com,verified,Kildare Chilling Co,9471480964
490,Scott D. Greenberg,scottd.greenberg@accenture.com,verified,Accenture,9906474625
491,Gerald Clifford Rey,geraldcliffordrey@europeanrugbycup.com,verified,European Rugby Cup,6708053495
492,Jeanne Erickson,jeanneerickson@glendamanagement.com,verified,Glenda Management,7429755394
493,Matthew Faughnan,matthewfaughnan@cmsperipherals.com,verified,CMS Peripherals,9272966031
494,Ronny Cox,ronnycox@osmosis.com,verified,Osmosis,8349340551
495,Ed Begley Jr.,edbegleyjr.@fitzpatrickgaragegroup.com,verified,Fitzpatrick Garage Group,9156483167
496,Julia Fitzmaurice,juliafitzmaurice@cahillmayroberts.com,verified,Cahill May Roberts,7874785059
497,Karl Wiedergott,karlwiedergott@anpost.com,verified,An Post,6405933745
498,Eric Loudon,ericloudon@homestore+more.com,verified,Homestore+More,8300478658
499,Desiree E. Craig,desireee.craig@londis.com,verified,Londis,9689002692
